{
	"info": {
		"_postman_id": "d9f3a7fa-90b3-495f-bea4-066e8a2fc309",
		"name": "r/SpaceX API V4",
		"schema": "https://schema.getpostman.com/json/collection/v2.1.0/collection.json"
	},
	"item": [
		{
			"name": "Capsules",
			"item": [
				{
					"name": "Get all capsules",
					"request": {
						"method": "GET",
						"header": [],
						"body": {
							"mode": "raw",
							"raw": ""
						},
						"url": {
							"raw": "https://api.spacexdata.com/v4/capsules",
							"protocol": "https",
							"host": [
								"api",
								"spacexdata",
								"com"
							],
							"path": [
								"v4",
								"capsules"
							]
						}
					},
					"response": []
				},
				{
					"name": "Get one capsule",
					"request": {
						"method": "GET",
						"header": [],
						"body": {
							"mode": "raw",
							"raw": ""
						},
						"url": {
							"raw": "https://api.spacexdata.com/v4/capsules/{{capsuleID}}",
							"protocol": "https",
							"host": [
								"api",
								"spacexdata",
								"com"
							],
							"path": [
								"v4",
								"capsules",
								"{{capsuleID}}"
							]
						}
					},
					"response": []
				},
				{
					"name": "Query capsules",
					"request": {
						"method": "POST",
						"header": [],
						"body": {
							"mode": "raw",
							"raw": ""
						},
						"url": {
							"raw": "https://api.spacexdata.com/v4/capsules/query",
							"protocol": "https",
							"host": [
								"api",
								"spacexdata",
								"com"
							],
							"path": [
								"v4",
								"capsules",
								"query"
							]
						}
					},
					"response": []
				},
				{
					"name": "Create a capsule",
					"request": {
						"auth": {
							"type": "apikey",
							"apikey": [
								{
									"key": "key",
									"value": "spacex-key",
									"type": "string"
								},
								{
									"key": "value",
									"value": "",
									"type": "string"
								}
							]
						},
						"method": "POST",
						"header": [],
						"body": {
							"mode": "raw",
							"raw": ""
						},
						"url": {
							"raw": "https://api.spacexdata.com/v4/capsules",
							"protocol": "https",
							"host": [
								"api",
								"spacexdata",
								"com"
							],
							"path": [
								"v4",
								"capsules"
							]
						}
					},
					"response": []
				},
				{
					"name": "Update a capsule",
					"request": {
						"auth": {
							"type": "apikey",
							"apikey": [
								{
									"key": "key",
									"value": "spacex-key",
									"type": "string"
								},
								{
									"key": "value",
									"value": "",
									"type": "string"
								}
							]
						},
						"method": "PATCH",
						"header": [],
						"body": {
							"mode": "raw",
							"raw": ""
						},
						"url": {
							"raw": "https://api.spacexdata.com/v4/capsules/{{capsuleID}}",
							"protocol": "https",
							"host": [
								"api",
								"spacexdata",
								"com"
							],
							"path": [
								"v4",
								"capsules",
								"{{capsuleID}}"
							]
						}
					},
					"response": []
				},
				{
					"name": "Delete a capsule",
					"request": {
						"auth": {
							"type": "apikey",
							"apikey": [
								{
									"key": "key",
									"value": "spacex-key",
									"type": "string"
								},
								{
									"key": "value",
									"value": "",
									"type": "string"
								}
							]
						},
						"method": "DELETE",
						"header": [],
						"body": {
							"mode": "raw",
							"raw": ""
						},
						"url": {
							"raw": "https://api.spacexdata.com/v4/capsules/{{capsuleID}}",
							"protocol": "https",
							"host": [
								"api",
								"spacexdata",
								"com"
							],
							"path": [
								"v4",
								"capsules",
								"{{capsuleID}}"
							]
						}
					},
					"response": []
				}
			]
		},
		{
			"name": "Company Info",
			"item": [
				{
					"name": "Get Company Info",
					"request": {
						"method": "GET",
						"header": [],
						"body": {
							"mode": "raw",
							"raw": ""
						},
						"url": {
							"raw": "https://api.spacexdata.com/v4/company",
							"protocol": "https",
							"host": [
								"api",
								"spacexdata",
								"com"
							],
							"path": [
								"v4",
								"company"
							]
						}
					},
					"response": []
				},
				{
					"name": "Update Company Info",
					"request": {
						"auth": {
							"type": "apikey",
							"apikey": [
								{
									"key": "key",
									"value": "spacex-key",
									"type": "string"
								},
								{
									"key": "value",
									"value": "",
									"type": "string"
								}
							]
						},
						"method": "PATCH",
						"header": [],
						"body": {
							"mode": "raw",
							"raw": ""
						},
						"url": {
							"raw": "https://api.spacexdata.com/v4/company/{{infoID}}",
							"protocol": "https",
							"host": [
								"api",
								"spacexdata",
								"com"
							],
							"path": [
								"v4",
								"company",
								"{{infoID}}"
							]
						}
					},
					"response": []
				}
			]
		},
		{
			"name": "Cores",
			"item": [
				{
					"name": "Get all Cores",
					"request": {
						"method": "GET",
						"header": [],
						"body": {
							"mode": "raw",
							"raw": ""
						},
						"url": {
							"raw": "https://api.spacexdata.com/v4/cores",
							"protocol": "https",
							"host": [
								"api",
								"spacexdata",
								"com"
							],
							"path": [
								"v4",
								"cores"
							]
						}
					},
					"response": []
				},
				{
					"name": "Get one Core",
					"request": {
						"method": "GET",
						"header": [],
						"body": {
							"mode": "raw",
							"raw": ""
						},
						"url": {
							"raw": "https://api.spacexdata.com/v4/cores/{{coreID}}",
							"protocol": "https",
							"host": [
								"api",
								"spacexdata",
								"com"
							],
							"path": [
								"v4",
								"cores",
								"{{coreID}}"
							]
						}
					},
					"response": []
				},
				{
					"name": "Query Cores",
					"request": {
						"method": "POST",
						"header": [],
						"body": {
							"mode": "raw",
							"raw": ""
						},
						"url": {
							"raw": "https://api.spacexdata.com/v4/cores/query",
							"protocol": "https",
							"host": [
								"api",
								"spacexdata",
								"com"
							],
							"path": [
								"v4",
								"cores",
								"query"
							]
						}
					},
					"response": []
				},
				{
					"name": "Create a Core",
					"request": {
						"auth": {
							"type": "apikey",
							"apikey": [
								{
									"key": "key",
									"value": "spacex-key",
									"type": "string"
								},
								{
									"key": "value",
									"value": "",
									"type": "string"
								}
							]
						},
						"method": "POST",
						"header": [],
						"body": {
							"mode": "raw",
							"raw": ""
						},
						"url": {
							"raw": "https://api.spacexdata.com/v4/cores",
							"protocol": "https",
							"host": [
								"api",
								"spacexdata",
								"com"
							],
							"path": [
								"v4",
								"cores"
							]
						}
					},
					"response": []
				},
				{
					"name": "Update a Core",
					"request": {
						"auth": {
							"type": "apikey",
							"apikey": [
								{
									"key": "key",
									"value": "spacex-key",
									"type": "string"
								},
								{
									"key": "value",
									"value": "",
									"type": "string"
								}
							]
						},
						"method": "PATCH",
						"header": [],
						"body": {
							"mode": "raw",
							"raw": ""
						},
						"url": {
							"raw": "https://api.spacexdata.com/v4/cores/{{coreID}}",
							"protocol": "https",
							"host": [
								"api",
								"spacexdata",
								"com"
							],
							"path": [
								"v4",
								"cores",
								"{{coreID}}"
							]
						}
					},
					"response": []
				},
				{
					"name": "Delete a Core",
					"request": {
						"auth": {
							"type": "apikey",
							"apikey": [
								{
									"key": "key",
									"value": "spacex-key",
									"type": "string"
								},
								{
									"key": "value",
									"value": "",
									"type": "string"
								}
							]
						},
						"method": "DELETE",
						"header": [],
						"body": {
							"mode": "raw",
							"raw": ""
						},
						"url": {
							"raw": "https://api.spacexdata.com/v4/cores/{{coreID}}",
							"protocol": "https",
							"host": [
								"api",
								"spacexdata",
								"com"
							],
							"path": [
								"v4",
								"cores",
								"{{coreID}}"
							]
						}
					},
					"response": []
				}
			]
		},
		{
			"name": "Crew",
			"item": [
				{
					"name": "Get all Crew",
					"request": {
						"method": "GET",
						"header": [],
						"body": {
							"mode": "raw",
							"raw": ""
						},
						"url": {
							"raw": "https://api.spacexdata.com/v4/crew",
							"protocol": "https",
							"host": [
								"api",
								"spacexdata",
								"com"
							],
							"path": [
								"v4",
								"crew"
							]
						}
					},
					"response": []
				},
				{
					"name": "Get one Crew Member",
					"request": {
						"method": "GET",
						"header": [],
						"body": {
							"mode": "raw",
							"raw": ""
						},
						"url": {
							"raw": "https://api.spacexdata.com/v4/crew/{{id}}",
							"protocol": "https",
							"host": [
								"api",
								"spacexdata",
								"com"
							],
							"path": [
								"v4",
								"crew",
								"{{id}}"
							]
						}
					},
					"response": []
				},
				{
					"name": "Query Crew Members",
					"request": {
						"method": "POST",
						"header": [],
						"body": {
							"mode": "raw",
							"raw": ""
						},
						"url": {
							"raw": "https://api.spacexdata.com/v4/crew/query",
							"protocol": "https",
							"host": [
								"api",
								"spacexdata",
								"com"
							],
							"path": [
								"v4",
								"crew",
								"query"
							]
						}
					},
					"response": []
				},
				{
					"name": "Create Crew Member",
					"request": {
						"auth": {
							"type": "apikey",
							"apikey": [
								{
									"key": "key",
									"value": "spacex-key",
									"type": "string"
								},
								{
									"key": "value",
									"value": "",
									"type": "string"
								}
							]
						},
						"method": "POST",
						"header": [],
						"body": {
							"mode": "raw",
							"raw": ""
						},
						"url": {
							"raw": "https://api.spacexdata.com/v4/crew",
							"protocol": "https",
							"host": [
								"api",
								"spacexdata",
								"com"
							],
							"path": [
								"v4",
								"crew"
							]
						}
					},
					"response": []
				},
				{
					"name": "Update Crew Member",
					"request": {
						"auth": {
							"type": "apikey",
							"apikey": [
								{
									"key": "key",
									"value": "spacex-key",
									"type": "string"
								},
								{
									"key": "value",
									"value": "",
									"type": "string"
								}
							]
						},
						"method": "PATCH",
						"header": [],
						"body": {
							"mode": "raw",
							"raw": ""
						},
						"url": {
							"raw": "https://api.spacexdata.com/v4/crew/{{id}}",
							"protocol": "https",
							"host": [
								"api",
								"spacexdata",
								"com"
							],
							"path": [
								"v4",
								"crew",
								"{{id}}"
							]
						}
					},
					"response": []
				},
				{
					"name": "Delete Crew Member",
					"request": {
						"auth": {
							"type": "apikey",
							"apikey": [
								{
									"key": "key",
									"value": "spacex-key",
									"type": "string"
								},
								{
									"key": "value",
									"value": "",
									"type": "string"
								}
							]
						},
						"method": "DELETE",
						"header": [],
						"body": {
							"mode": "raw",
							"raw": ""
						},
						"url": {
							"raw": "https://api.spacexdata.com/v4/crew/{{id}}",
							"protocol": "https",
							"host": [
								"api",
								"spacexdata",
								"com"
							],
							"path": [
								"v4",
								"crew",
								"{{id}}"
							]
						}
					},
					"response": []
				}
			]
		},
		{
			"name": "Dragons",
			"item": [
				{
					"name": "Get all Dragons",
					"request": {
						"method": "GET",
						"header": [],
						"body": {
							"mode": "raw",
							"raw": ""
						},
						"url": {
							"raw": "https://api.spacexdata.com/v4/dragons",
							"protocol": "https",
							"host": [
								"api",
								"spacexdata",
								"com"
							],
							"path": [
								"v4",
								"dragons"
							]
						}
					},
					"response": []
				},
				{
					"name": "Get one Dragon",
					"request": {
						"method": "GET",
						"header": [],
						"body": {
							"mode": "raw",
							"raw": ""
						},
						"url": {
							"raw": "https://api.spacexdata.com/v4/dragons/{{id}}",
							"protocol": "https",
							"host": [
								"api",
								"spacexdata",
								"com"
							],
							"path": [
								"v4",
								"dragons",
								"{{id}}"
							]
						}
					},
					"response": []
				},
				{
					"name": "Query Dragons",
					"request": {
						"method": "POST",
						"header": [],
						"body": {
							"mode": "raw",
							"raw": ""
						},
						"url": {
							"raw": "https://api.spacexdata.com/v4/dragons/query",
							"protocol": "https",
							"host": [
								"api",
								"spacexdata",
								"com"
							],
							"path": [
								"v4",
								"dragons",
								"query"
							]
						}
					},
					"response": []
				},
				{
					"name": "Create Dragon",
					"request": {
						"auth": {
							"type": "apikey",
							"apikey": [
								{
									"key": "key",
									"value": "spacex-key",
									"type": "string"
								},
								{
									"key": "value",
									"value": "",
									"type": "string"
								}
							]
						},
						"method": "POST",
						"header": [],
						"body": {
							"mode": "raw",
							"raw": ""
						},
						"url": {
							"raw": "https://api.spacexdata.com/v4/dragons",
							"protocol": "https",
							"host": [
								"api",
								"spacexdata",
								"com"
							],
							"path": [
								"v4",
								"dragons"
							]
						}
					},
					"response": []
				},
				{
					"name": "Update Dragon",
					"request": {
						"auth": {
							"type": "apikey",
							"apikey": [
								{
									"key": "key",
									"value": "spacex-key",
									"type": "string"
								},
								{
									"key": "value",
									"value": "",
									"type": "string"
								}
							]
						},
						"method": "PATCH",
						"header": [],
						"body": {
							"mode": "raw",
							"raw": ""
						},
						"url": {
							"raw": "https://api.spacexdata.com/v4/dragons/{{id}}",
							"protocol": "https",
							"host": [
								"api",
								"spacexdata",
								"com"
							],
							"path": [
								"v4",
								"dragons",
								"{{id}}"
							]
						}
					},
					"response": []
				},
				{
					"name": "Delete Dragon",
					"request": {
						"auth": {
							"type": "apikey",
							"apikey": [
								{
									"key": "key",
									"value": "spacex-key",
									"type": "string"
								},
								{
									"key": "value",
									"value": "",
									"type": "string"
								}
							]
						},
						"method": "DELETE",
						"header": [],
						"body": {
							"mode": "raw",
							"raw": ""
						},
						"url": {
							"raw": "https://api.spacexdata.com/v4/dragons/{{id}}",
							"protocol": "https",
							"host": [
								"api",
								"spacexdata",
								"com"
							],
							"path": [
								"v4",
								"dragons",
								"{{id}}"
							]
						}
					},
					"response": []
				}
			]
		},
		{
			"name": "Landpads",
			"item": [
				{
					"name": "Get all Landpads",
					"request": {
						"method": "GET",
						"header": [],
						"body": {
							"mode": "raw",
							"raw": ""
						},
						"url": {
							"raw": "https://api.spacexdata.com/v4/landpads",
							"protocol": "https",
							"host": [
								"api",
								"spacexdata",
								"com"
							],
							"path": [
								"v4",
								"landpads"
							]
						}
					},
					"response": []
				},
				{
					"name": "Get one Landpad",
					"request": {
						"method": "GET",
						"header": [],
						"body": {
							"mode": "raw",
							"raw": ""
						},
						"url": {
							"raw": "https://api.spacexdata.com/v4/landpads{{id}}",
							"protocol": "https",
							"host": [
								"api",
								"spacexdata",
								"com"
							],
							"path": [
								"v4",
								"landpads{{id}}"
							]
						}
					},
					"response": []
				},
				{
					"name": "Query Landpads",
					"request": {
						"method": "POST",
						"header": [],
						"body": {
							"mode": "raw",
							"raw": ""
						},
						"url": {
							"raw": "https://api.spacexdata.com/v4/landpads/query",
							"protocol": "https",
							"host": [
								"api",
								"spacexdata",
								"com"
							],
							"path": [
								"v4",
								"landpads",
								"query"
							]
						}
					},
					"response": []
				},
				{
					"name": "Create Landpad",
					"request": {
						"auth": {
							"type": "apikey",
							"apikey": [
								{
									"key": "key",
									"value": "spacex-key",
									"type": "string"
								},
								{
									"key": "value",
									"value": "",
									"type": "string"
								}
							]
						},
						"method": "POST",
						"header": [],
						"body": {
							"mode": "raw",
							"raw": ""
						},
						"url": {
							"raw": "https://api.spacexdata.com/v4/landpads",
							"protocol": "https",
							"host": [
								"api",
								"spacexdata",
								"com"
							],
							"path": [
								"v4",
								"landpads"
							]
						}
					},
					"response": []
				},
				{
					"name": "Update Landpads",
					"request": {
						"auth": {
							"type": "apikey",
							"apikey": [
								{
									"key": "key",
									"value": "spacex-key",
									"type": "string"
								},
								{
									"key": "value",
									"value": "",
									"type": "string"
								}
							]
						},
						"method": "PATCH",
						"header": [],
						"body": {
							"mode": "raw",
							"raw": ""
						},
						"url": {
							"raw": "https://api.spacexdata.com/v4/landpads{{id}}",
							"protocol": "https",
							"host": [
								"api",
								"spacexdata",
								"com"
							],
							"path": [
								"v4",
								"landpads{{id}}"
							]
						}
					},
					"response": []
				},
				{
					"name": "Delete Landpads",
					"request": {
						"auth": {
							"type": "apikey",
							"apikey": [
								{
									"key": "key",
									"value": "spacex-key",
									"type": "string"
								},
								{
									"key": "value",
									"value": "",
									"type": "string"
								}
							]
						},
						"method": "DELETE",
						"header": [],
						"body": {
							"mode": "raw",
							"raw": ""
						},
						"url": {
							"raw": "https://api.spacexdata.com/v4/landpads{{id}}",
							"protocol": "https",
							"host": [
								"api",
								"spacexdata",
								"com"
							],
							"path": [
								"v4",
								"landpads{{id}}"
							]
						}
					},
					"response": []
				}
			]
		},
		{
			"name": "Launches",
			"item": [
				{
					"name": "Get all Launches",
					"request": {
						"method": "GET",
						"header": [],
						"body": {
							"mode": "raw",
							"raw": ""
						},
						"url": {
							"raw": "https://api.spacexdata.com/v4/launches",
							"protocol": "https",
							"host": [
								"api",
								"spacexdata",
								"com"
							],
							"path": [
								"v4",
								"launches"
							]
						}
					},
					"response": []
				},
				{
					"name": "Get one Launch",
					"request": {
						"method": "GET",
						"header": [],
						"body": {
							"mode": "raw",
							"raw": ""
						},
						"url": {
							"raw": "https://api.spacexdata.com/v4/launches{{id}}",
							"protocol": "https",
							"host": [
								"api",
								"spacexdata",
								"com"
							],
							"path": [
								"v4",
								"launches{{id}}"
							]
						}
					},
					"response": []
				},
				{
					"name": "Query Launches",
					"request": {
						"method": "POST",
						"header": [],
						"body": {
							"mode": "raw",
							"raw": ""
						},
						"url": {
							"raw": "https://api.spacexdata.com/v4/launches/query",
							"protocol": "https",
							"host": [
								"api",
								"spacexdata",
								"com"
							],
							"path": [
								"v4",
								"launches",
								"query"
							]
						}
					},
					"response": []
				},
				{
					"name": "Get past Launches",
					"request": {
						"method": "GET",
						"header": [],
						"body": {
							"mode": "raw",
							"raw": ""
						},
						"url": {
							"raw": "https://api.spacexdata.com/v4/launches/past",
							"protocol": "https",
							"host": [
								"api",
								"spacexdata",
								"com"
							],
							"path": [
								"v4",
								"launches",
								"past"
							]
						}
					},
					"response": []
				},
				{
					"name": "Get upcoming Launches",
					"request": {
						"method": "GET",
						"header": [],
						"body": {
							"mode": "raw",
							"raw": ""
						},
						"url": {
							"raw": "https://api.spacexdata.com/v4/launches/upcoming",
							"protocol": "https",
							"host": [
								"api",
								"spacexdata",
								"com"
							],
							"path": [
								"v4",
								"launches",
								"upcoming"
							]
						}
					},
					"response": []
				},
				{
					"name": "Get latest Launch",
					"request": {
						"method": "GET",
						"header": [],
						"body": {
							"mode": "raw",
							"raw": ""
						},
						"url": {
							"raw": "https://api.spacexdata.com/v4/launches/latest",
							"protocol": "https",
							"host": [
								"api",
								"spacexdata",
								"com"
							],
							"path": [
								"v4",
								"launches",
								"latest"
							]
						}
					},
					"response": []
				},
				{
					"name": "Get next Launch",
					"request": {
						"method": "GET",
						"header": [],
						"body": {
							"mode": "raw",
							"raw": ""
						},
						"url": {
							"raw": "https://api.spacexdata.com/v4/launches/next",
							"protocol": "https",
							"host": [
								"api",
								"spacexdata",
								"com"
							],
							"path": [
								"v4",
								"launches",
								"next"
							]
						}
					},
					"response": []
				},
				{
					"name": "Create a Launch",
					"request": {
						"auth": {
							"type": "apikey",
							"apikey": [
								{
									"key": "key",
									"value": "spacex-key",
									"type": "string"
								},
								{
									"key": "value",
									"value": "",
									"type": "string"
								}
							]
						},
						"method": "POST",
						"header": [],
						"body": {
							"mode": "raw",
							"raw": ""
						},
						"url": {
							"raw": "https://api.spacexdata.com/v4/launches",
							"protocol": "https",
							"host": [
								"api",
								"spacexdata",
								"com"
							],
							"path": [
								"v4",
								"launches"
							]
						}
					},
					"response": []
				},
				{
					"name": "Update a Launch",
					"request": {
						"auth": {
							"type": "apikey",
							"apikey": [
								{
									"key": "key",
									"value": "spacex-key",
									"type": "string"
								},
								{
									"key": "value",
									"value": "",
									"type": "string"
								}
							]
						},
						"method": "PATCH",
						"header": [],
						"body": {
							"mode": "raw",
							"raw": ""
						},
						"url": {
							"raw": "https://api.spacexdata.com/v4/launches{{id}}",
							"protocol": "https",
							"host": [
								"api",
								"spacexdata",
								"com"
							],
							"path": [
								"v4",
								"launches{{id}}"
							]
						}
					},
					"response": []
				},
				{
					"name": "Delete a Launch",
					"request": {
						"auth": {
							"type": "apikey",
							"apikey": [
								{
									"key": "key",
									"value": "spacex-key",
									"type": "string"
								},
								{
									"key": "value",
									"value": "",
									"type": "string"
								}
							]
						},
						"method": "DELETE",
						"header": [],
						"body": {
							"mode": "raw",
							"raw": ""
						},
						"url": {
							"raw": "https://api.spacexdata.com/v4/launches{{id}}",
							"protocol": "https",
							"host": [
								"api",
								"spacexdata",
								"com"
							],
							"path": [
								"v4",
								"launches{{id}}"
							]
						}
					},
					"response": []
				}
			]
		},
		{
			"name": "Launchpads",
			"item": [
				{
					"name": "Get all Launchpads",
					"request": {
						"method": "GET",
						"header": [],
						"body": {
							"mode": "raw",
							"raw": ""
						},
						"url": {
							"raw": "https://api.spacexdata.com/v4/launchpads",
							"protocol": "https",
							"host": [
								"api",
								"spacexdata",
								"com"
							],
							"path": [
								"v4",
								"launchpads"
							]
						}
					},
					"response": []
				},
				{
					"name": "Get one Launchpad",
					"request": {
						"method": "GET",
						"header": [],
						"body": {
							"mode": "raw",
							"raw": ""
						},
						"url": {
							"raw": "https://api.spacexdata.com/v4/launchpads/{{id}}",
							"protocol": "https",
							"host": [
								"api",
								"spacexdata",
								"com"
							],
							"path": [
								"v4",
								"launchpads",
								"{{id}}"
							]
						}
					},
					"response": []
				},
				{
					"name": "Query Launchpads",
					"request": {
						"method": "POST",
						"header": [],
						"body": {
							"mode": "raw",
							"raw": ""
						},
						"url": {
							"raw": "https://api.spacexdata.com/v4/launchpads/query",
							"protocol": "https",
							"host": [
								"api",
								"spacexdata",
								"com"
							],
							"path": [
								"v4",
								"launchpads",
								"query"
							]
						}
					},
					"response": []
				},
				{
					"name": "Create Launchpad",
					"request": {
						"auth": {
							"type": "apikey",
							"apikey": [
								{
									"key": "key",
									"value": "spacex-key",
									"type": "string"
								},
								{
									"key": "value",
									"value": "",
									"type": "string"
								}
							]
						},
						"method": "POST",
						"header": [],
						"body": {
							"mode": "raw",
							"raw": ""
						},
						"url": {
							"raw": "https://api.spacexdata.com/v4/launchpads",
							"protocol": "https",
							"host": [
								"api",
								"spacexdata",
								"com"
							],
							"path": [
								"v4",
								"launchpads"
							]
						}
					},
					"response": []
				},
				{
					"name": "Update Launchpad",
					"request": {
						"auth": {
							"type": "apikey",
							"apikey": [
								{
									"key": "key",
									"value": "spacex-key",
									"type": "string"
								},
								{
									"key": "value",
									"value": "",
									"type": "string"
								}
							]
						},
						"method": "PATCH",
						"header": [],
						"body": {
							"mode": "raw",
							"raw": ""
						},
						"url": {
							"raw": "https://api.spacexdata.com/v4/launchpads/{{id}}",
							"protocol": "https",
							"host": [
								"api",
								"spacexdata",
								"com"
							],
							"path": [
								"v4",
								"launchpads",
								"{{id}}"
							]
						}
					},
					"response": []
				},
				{
					"name": "Delete Launchpad",
					"request": {
						"auth": {
							"type": "apikey",
							"apikey": [
								{
									"key": "key",
									"value": "spacex-key",
									"type": "string"
								},
								{
									"key": "value",
									"value": "",
									"type": "string"
								}
							]
						},
						"method": "DELETE",
						"header": [],
						"body": {
							"mode": "raw",
							"raw": ""
						},
						"url": {
							"raw": "https://api.spacexdata.com/v4/launchpads/{{id}}",
							"protocol": "https",
							"host": [
								"api",
								"spacexdata",
								"com"
							],
							"path": [
								"v4",
								"launchpads",
								"{{id}}"
							]
						}
					},
					"response": []
				}
			]
		},
		{
			"name": "Payloads",
			"item": [
				{
					"name": "Get all Payloads",
					"request": {
						"method": "GET",
						"header": [],
						"body": {
							"mode": "raw",
							"raw": ""
						},
						"url": {
							"raw": "https://api.spacexdata.com/v4/payloads",
							"protocol": "https",
							"host": [
								"api",
								"spacexdata",
								"com"
							],
							"path": [
								"v4",
								"payloads"
							]
						}
					},
					"response": []
				},
				{
					"name": "Get one Payload",
					"request": {
						"method": "GET",
						"header": [],
						"body": {
							"mode": "raw",
							"raw": ""
						},
						"url": {
							"raw": "https://api.spacexdata.com/v4/payloads/{{id}}",
							"protocol": "https",
							"host": [
								"api",
								"spacexdata",
								"com"
							],
							"path": [
								"v4",
								"payloads",
								"{{id}}"
							]
						}
					},
					"response": []
				},
				{
					"name": "Query Payloads",
					"request": {
						"method": "POST",
						"header": [],
						"body": {
							"mode": "raw",
							"raw": ""
						},
						"url": {
							"raw": "https://api.spacexdata.com/v4/payloads/query",
							"protocol": "https",
							"host": [
								"api",
								"spacexdata",
								"com"
							],
							"path": [
								"v4",
								"payloads",
								"query"
							]
						}
					},
					"response": []
				},
				{
					"name": "Create Payload",
					"request": {
						"auth": {
							"type": "apikey",
							"apikey": [
								{
									"key": "key",
									"value": "spacex-key",
									"type": "string"
								},
								{
									"key": "value",
									"value": "",
									"type": "string"
								}
							]
						},
						"method": "POST",
						"header": [],
						"body": {
							"mode": "raw",
							"raw": ""
						},
						"url": {
							"raw": "https://api.spacexdata.com/v4/payloads",
							"protocol": "https",
							"host": [
								"api",
								"spacexdata",
								"com"
							],
							"path": [
								"v4",
								"payloads"
							]
						}
					},
					"response": []
				},
				{
					"name": "Update Payload",
					"request": {
						"auth": {
							"type": "apikey",
							"apikey": [
								{
									"key": "key",
									"value": "spacex-key",
									"type": "string"
								},
								{
									"key": "value",
									"value": "",
									"type": "string"
								}
							]
						},
						"method": "PATCH",
						"header": [],
						"body": {
							"mode": "raw",
							"raw": ""
						},
						"url": {
							"raw": "https://api.spacexdata.com/v4/payloads/{{id}}",
							"protocol": "https",
							"host": [
								"api",
								"spacexdata",
								"com"
							],
							"path": [
								"v4",
								"payloads",
								"{{id}}"
							]
						}
					},
					"response": []
				},
				{
					"name": "Delete Payload",
					"request": {
						"auth": {
							"type": "apikey",
							"apikey": [
								{
									"key": "key",
									"value": "spacex-key",
									"type": "string"
								},
								{
									"key": "value",
									"value": "",
									"type": "string"
								}
							]
						},
						"method": "DELETE",
						"header": [],
						"body": {
							"mode": "raw",
							"raw": ""
						},
						"url": {
							"raw": "https://api.spacexdata.com/v4/payloads/{{id}}",
							"protocol": "https",
							"host": [
								"api",
								"spacexdata",
								"com"
							],
							"path": [
								"v4",
								"payloads",
								"{{id}}"
							]
						}
					},
					"response": []
				}
			]
		},
		{
			"name": "Roadster Info",
			"item": [
				{
					"name": "Get Roadster Info",
					"request": {
						"method": "GET",
						"header": [],
						"body": {
							"mode": "raw",
							"raw": ""
						},
						"url": {
							"raw": "https://api.spacexdata.com/v4/roadster",
							"protocol": "https",
							"host": [
								"api",
								"spacexdata",
								"com"
							],
							"path": [
								"v4",
								"roadster"
							]
						}
					},
					"response": []
				},
				{
					"name": "Update Roadster Info",
					"request": {
						"auth": {
							"type": "apikey",
							"apikey": [
								{
									"key": "key",
									"value": "spacex-key",
									"type": "string"
								},
								{
									"key": "value",
									"value": "",
									"type": "string"
								}
							]
						},
						"method": "PATCH",
						"header": [],
						"body": {
							"mode": "raw",
							"raw": ""
						},
						"url": {
							"raw": "https://api.spacexdata.com/v4/roadster/{{id}}",
							"protocol": "https",
							"host": [
								"api",
								"spacexdata",
								"com"
							],
							"path": [
								"v4",
								"roadster",
								"{{id}}"
							]
						}
					},
					"response": []
				}
			]
		},
		{
			"name": "Rockets",
			"item": [
				{
					"name": "Get all Rockets",
					"request": {
						"method": "GET",
						"header": [],
						"body": {
							"mode": "raw",
							"raw": ""
						},
						"url": {
							"raw": "https://api.spacexdata.com/v4/rockets",
							"protocol": "https",
							"host": [
								"api",
								"spacexdata",
								"com"
							],
							"path": [
								"v4",
								"rockets"
							]
						}
					},
					"response": []
				},
				{
					"name": "Get one Rocket",
					"request": {
						"method": "GET",
						"header": [],
						"body": {
							"mode": "raw",
							"raw": ""
						},
						"url": {
							"raw": "https://api.spacexdata.com/v4/rockets/{{id}}",
							"protocol": "https",
							"host": [
								"api",
								"spacexdata",
								"com"
							],
							"path": [
								"v4",
								"rockets",
								"{{id}}"
							]
						}
					},
					"response": []
				},
				{
					"name": "Query Rockets",
					"request": {
						"method": "POST",
						"header": [],
						"body": {
							"mode": "raw",
							"raw": ""
						},
						"url": {
							"raw": "https://api.spacexdata.com/v4/rockets/query",
							"protocol": "https",
							"host": [
								"api",
								"spacexdata",
								"com"
							],
							"path": [
								"v4",
								"rockets",
								"query"
							]
						}
					},
					"response": []
				},
				{
					"name": "Create Rocket",
					"request": {
						"auth": {
							"type": "apikey",
							"apikey": [
								{
									"key": "key",
									"value": "spacex-key",
									"type": "string"
								},
								{
									"key": "value",
									"value": "",
									"type": "string"
								}
							]
						},
						"method": "POST",
						"header": [],
						"body": {
							"mode": "raw",
							"raw": ""
						},
						"url": {
							"raw": "https://api.spacexdata.com/v4/rockets",
							"protocol": "https",
							"host": [
								"api",
								"spacexdata",
								"com"
							],
							"path": [
								"v4",
								"rockets"
							]
						}
					},
					"response": []
				},
				{
					"name": "Update Rocket",
					"request": {
						"auth": {
							"type": "apikey",
							"apikey": [
								{
									"key": "key",
									"value": "spacex-key",
									"type": "string"
								},
								{
									"key": "value",
									"value": "",
									"type": "string"
								}
							]
						},
						"method": "PATCH",
						"header": [],
						"body": {
							"mode": "raw",
							"raw": ""
						},
						"url": {
							"raw": "https://api.spacexdata.com/v4/rockets/{{id}}",
							"protocol": "https",
							"host": [
								"api",
								"spacexdata",
								"com"
							],
							"path": [
								"v4",
								"rockets",
								"{{id}}"
							]
						}
					},
					"response": []
				},
				{
					"name": "Delete Rocket",
					"request": {
						"auth": {
							"type": "apikey",
							"apikey": [
								{
									"key": "key",
									"value": "spacex-key",
									"type": "string"
								},
								{
									"key": "value",
									"value": "",
									"type": "string"
								}
							]
						},
						"method": "DELETE",
						"header": [],
						"body": {
							"mode": "raw",
							"raw": ""
						},
						"url": {
							"raw": "https://api.spacexdata.com/v4/rockets/{{id}}",
							"protocol": "https",
							"host": [
								"api",
								"spacexdata",
								"com"
							],
							"path": [
								"v4",
								"rockets",
								"{{id}}"
							]
						}
					},
					"response": []
				}
			]
		},
		{
			"name": "Ships",
			"item": [
				{
					"name": "Get all Ships",
					"request": {
						"method": "GET",
						"header": [],
						"body": {
							"mode": "raw",
							"raw": ""
						},
						"url": {
							"raw": "https://api.spacexdata.com/v4/ships",
							"protocol": "https",
							"host": [
								"api",
								"spacexdata",
								"com"
							],
							"path": [
								"v4",
								"ships"
							]
						}
					},
					"response": []
				},
				{
					"name": "Get one Ship",
					"request": {
						"method": "GET",
						"header": [],
						"body": {
							"mode": "raw",
							"raw": ""
						},
						"url": {
							"raw": "https://api.spacexdata.com/v4/ships/{{id}}",
							"protocol": "https",
							"host": [
								"api",
								"spacexdata",
								"com"
							],
							"path": [
								"v4",
								"ships",
								"{{id}}"
							]
						}
					},
					"response": []
				},
				{
					"name": "Query Ships",
					"request": {
						"method": "GET",
						"header": [],
						"body": {
							"mode": "raw",
							"raw": ""
						},
						"url": {
							"raw": "https://api.spacexdata.com/v4/ships/query",
							"protocol": "https",
							"host": [
								"api",
								"spacexdata",
								"com"
							],
							"path": [
								"v4",
								"ships",
								"query"
							]
						}
					},
					"response": []
				},
				{
					"name": "Create Ship",
					"request": {
						"auth": {
							"type": "apikey",
							"apikey": [
								{
									"key": "key",
									"value": "spacex-key",
									"type": "string"
								},
								{
									"key": "value",
									"value": "",
									"type": "string"
								}
							]
						},
						"method": "POST",
						"header": [],
						"body": {
							"mode": "raw",
							"raw": ""
						},
						"url": {
							"raw": "https://api.spacexdata.com/v4/ships",
							"protocol": "https",
							"host": [
								"api",
								"spacexdata",
								"com"
							],
							"path": [
								"v4",
								"ships"
							]
						}
					},
					"response": []
				},
				{
					"name": "Update Ship",
					"request": {
						"auth": {
							"type": "apikey",
							"apikey": [
								{
									"key": "key",
									"value": "spacex-key",
									"type": "string"
								},
								{
									"key": "value",
									"value": "",
									"type": "string"
								}
							]
						},
						"method": "PATCH",
						"header": [],
						"body": {
							"mode": "raw",
							"raw": ""
						},
						"url": {
							"raw": "https://api.spacexdata.com/v4/ships/{{id}}",
							"protocol": "https",
							"host": [
								"api",
								"spacexdata",
								"com"
							],
							"path": [
								"v4",
								"ships",
								"{{id}}"
							]
						}
					},
					"response": []
				},
				{
					"name": "Delete Ship",
					"request": {
						"auth": {
							"type": "apikey",
							"apikey": [
								{
									"key": "key",
									"value": "spacex-key",
									"type": "string"
								},
								{
									"key": "value",
									"value": "",
									"type": "string"
								}
							]
						},
						"method": "DELETE",
						"header": [],
						"body": {
							"mode": "raw",
							"raw": ""
						},
						"url": {
							"raw": "https://api.spacexdata.com/v4/ships/{{id}}",
							"protocol": "https",
							"host": [
								"api",
								"spacexdata",
								"com"
							],
							"path": [
								"v4",
								"ships",
								"{{id}}"
							]
						}
					},
					"response": []
				}
			]
		},
		{
			"name": "Starlink",
			"item": [
				{
					"name": "Get all Starlink sats",
					"request": {
						"method": "GET",
						"header": [],
						"body": {
							"mode": "raw",
							"raw": ""
						},
						"url": {
							"raw": "https://api.spacexdata.com/v4/starlink",
							"protocol": "https",
							"host": [
								"api",
								"spacexdata",
								"com"
							],
							"path": [
								"v4",
								"starlink"
							]
						}
					},
					"response": []
				},
				{
					"name": "Get one Starlink sat",
					"request": {
						"method": "GET",
						"header": [],
						"body": {
							"mode": "raw",
							"raw": ""
						},
						"url": {
							"raw": "https://api.spacexdata.com/v4/starlink/{{id}}",
							"protocol": "https",
							"host": [
								"api",
								"spacexdata",
								"com"
							],
							"path": [
								"v4",
								"starlink",
								"{{id}}"
							]
						}
					},
					"response": []
				},
				{
					"name": "Query Starlink sats",
					"request": {
						"method": "POST",
						"header": [],
						"body": {
							"mode": "raw",
							"raw": ""
						},
						"url": {
							"raw": "https://api.spacexdata.com/v4/starlink/query",
							"protocol": "https",
							"host": [
								"api",
								"spacexdata",
								"com"
							],
							"path": [
								"v4",
								"starlink",
								"query"
							]
						}
					},
					"response": []
				},
				{
					"name": "Create Starlink sat",
					"request": {
						"auth": {
							"type": "apikey",
							"apikey": [
								{
									"key": "key",
									"value": "spacex-key",
									"type": "string"
								},
								{
									"key": "value",
									"value": "",
									"type": "string"
								}
							]
						},
						"method": "POST",
						"header": [],
						"body": {
							"mode": "raw",
							"raw": ""
						},
						"url": {
							"raw": "https://api.spacexdata.com/v4/starlink",
							"protocol": "https",
							"host": [
								"api",
								"spacexdata",
								"com"
							],
							"path": [
								"v4",
								"starlink"
							]
						}
					},
					"response": []
				},
				{
					"name": "Update Starlink sat",
					"request": {
						"auth": {
							"type": "apikey",
							"apikey": [
								{
									"key": "key",
									"value": "spacex-key",
									"type": "string"
								},
								{
									"key": "value",
									"value": "",
									"type": "string"
								}
							]
						},
						"method": "PATCH",
						"header": [],
						"body": {
							"mode": "raw",
							"raw": ""
						},
						"url": {
							"raw": "https://api.spacexdata.com/v4/starlink/{{id}}",
							"protocol": "https",
							"host": [
								"api",
								"spacexdata",
								"com"
							],
							"path": [
								"v4",
								"starlink",
								"{{id}}"
							]
						}
					},
					"response": []
				},
				{
					"name": "Delete Starlink sat",
					"request": {
						"auth": {
							"type": "apikey",
							"apikey": [
								{
									"key": "key",
									"value": "spacex-key",
									"type": "string"
								},
								{
									"key": "value",
									"value": "",
									"type": "string"
								}
							]
						},
						"method": "DELETE",
						"header": [],
						"body": {
							"mode": "raw",
							"raw": ""
						},
						"url": {
							"raw": "https://api.spacexdata.com/v4/starlink/{{id}}",
							"protocol": "https",
							"host": [
								"api",
								"spacexdata",
								"com"
							],
							"path": [
								"v4",
								"starlink",
								"{{id}}"
							]
						}
					},
					"response": []
				}
			]
		}
	],
	"event": [
		{
			"listen": "prerequest",
			"script": {
				"id": "6bae5570-3097-40d6-8c8d-2f580037390c",
				"type": "text/javascript",
				"exec": [
					""
				]
			}
		},
		{
			"listen": "test",
			"script": {
				"id": "46d44759-56a3-4f57-a379-9ad72209c2c3",
				"type": "text/javascript",
				"exec": [
					""
				]
			}
		}
	]
}